dir,dist1,dist2
3GZJbot.pdb_3B12cap.pdb,19.6785537324,33.1012975123
3GZJbot.pdb_3B12cap.pdb,30.848934779,33.1025824068
3GZJbot.pdb_3B12cap.pdb,35.0925314846,33.1016201114
3GZJbot.pdb_3B12cap.pdb,10.5123819375,33.1024709803
3GZJbot.pdb_3B12cap.pdb,34.7860227965,33.1024308624
3GZJbot.pdb_3B12cap.pdb,20.7383357818,33.1019205938
3GZJbot.pdb_3B12cap.pdb,17.8645955454,33.102034877
3GZJbot.pdb_3B12cap.pdb,19.7416517546,33.10116362
3GZJbot.pdb_3B12cap.pdb,28.3480001764,33.1029510165
3GZJbot.pdb_3B12cap.pdb,24.877756189,33.1025139982
3GZJbot.pdb_3B12cap.pdb,16.2433111464,33.1016168034
3GZJbot.pdb_3B12cap.pdb,23.4116526115,33.1016773442
3GZJbot.pdb_3B12cap.pdb,34.4826319471,33.1021990055
3GZJbot.pdb_3B12cap.pdb,27.5437363297,33.1013291123
3GZJbot.pdb_3B12cap.pdb,31.5719647947,33.1014060577
3GZJbot.pdb_3B12cap.pdb,27.268713116,33.1018994319
3GZJbot.pdb_3B12cap.pdb,20.5806143251,33.1024573106
3GZJbot.pdb_3B12cap.pdb,35.4712360794,33.1019881729
3GZJbot.pdb_3B12cap.pdb,25.2938274091,33.1020630324
3GZJbot.pdb_3B12cap.pdb,24.1574002119,33.1021380578
